value,unit,year,latitude,longitude,gas
706.7,ppb,1554.0,-75.0025,0.0684,ch4
701.0,ppb,1469.0,-75.0025,0.0684,ch4
703.7,ppb,1285.0,-75.0025,0.0684,ch4
695.0,ppb,1201.0,-75.0025,0.0684,ch4
719.0,ppb,1125.0,-75.0025,0.0684,ch4
682.0,ppb,1039.0,-75.0025,0.0684,ch4
664.0,ppb,951.0,-75.0025,0.0684,ch4
677.3,ppb,905.0,-75.0025,0.0684,ch4
647.2,ppb,854.0,-75.0025,0.0684,ch4
637.7,ppb,746.0,-75.0025,0.0684,ch4
629.8,ppb,648.0,-75.0025,0.0684,ch4
645.3,ppb,577.0,-75.0025,0.0684,ch4
647.0,ppb,577.0,-75.0025,0.0684,ch4
632.3,ppb,491.0,-75.0025,0.0684,ch4
641.0,ppb,361.0,-75.0025,0.0684,ch4
622.4,ppb,267.0,-75.0025,0.0684,ch4
638.8,ppb,266.0,-75.0025,0.0684,ch4
629.0,ppb,156.0,-75.0025,0.0684,ch4
624.8,ppb,116.0,-75.0025,0.0684,ch4
618.7,ppb,-11.999999999999773,-75.0025,0.0684,ch4
612.7,ppb,-81.0,-75.0025,0.0684,ch4
604.3,ppb,-183.0,-75.0025,0.0684,ch4
614.3,ppb,-183.0,-75.0025,0.0684,ch4
615.2,ppb,-276.0,-75.0025,0.0684,ch4
620.3,ppb,-387.0,-75.0025,0.0684,ch4
604.3,ppb,-483.0,-75.0025,0.0684,ch4
593.9,ppb,-674.0,-75.0025,0.0684,ch4
597.0,ppb,-808.0,-75.0025,0.0684,ch4
584.6,ppb,-849.0,-75.0025,0.0684,ch4
591.5,ppb,-850.0,-75.0025,0.0684,ch4
586.7,ppb,-978.0,-75.0025,0.0684,ch4
588.3,ppb,-1057.0,-75.0025,0.0684,ch4
588.3,ppb,-1093.0,-75.0025,0.0684,ch4
618.3,ppb,-1183.0,-75.0025,0.0684,ch4
586.6,ppb,-1464.0,-75.0025,0.0684,ch4
588.0,ppb,-1588.0,-75.0025,0.0684,ch4
582.0,ppb,-1665.0,-75.0025,0.0684,ch4
580.0,ppb,-1764.0,-75.0025,0.0684,ch4
577.3,ppb,-1857.0,-75.0025,0.0684,ch4
638.8,ppb,-1858.0,-75.0025,0.0684,ch4
594.0,ppb,-1981.0,-75.0025,0.0684,ch4
589.4,ppb,-2056.9999999999995,-75.0025,0.0684,ch4
585.3,ppb,-2201.0,-75.0025,0.0684,ch4
562.6,ppb,-2264.0,-75.0025,0.0684,ch4
584.7,ppb,-2392.0,-75.0025,0.0684,ch4
576.6,ppb,-2488.0,-75.0025,0.0684,ch4
600.3,ppb,-2605.0,-75.0025,0.0684,ch4
571.6,ppb,-2682.0,-75.0025,0.0684,ch4
584.7,ppb,-2839.0,-75.0025,0.0684,ch4
546.2,ppb,-2902.0,-75.0025,0.0684,ch4
574.3,ppb,-3027.0,-75.0025,0.0684,ch4
570.3,ppb,-3027.0,-75.0025,0.0684,ch4
576.6,ppb,-3113.0,-75.0025,0.0684,ch4
561.0,ppb,-3261.0,-75.0025,0.0684,ch4
556.4,ppb,-3329.0,-75.0025,0.0684,ch4
563.3,ppb,-3560.0,-75.0025,0.0684,ch4
561.5,ppb,-3684.0,-75.0025,0.0684,ch4
568.8,ppb,-3775.0,-75.0025,0.0684,ch4
597.3,ppb,-3965.0,-75.0025,0.0684,ch4
577.6,ppb,-4056.0,-75.0025,0.0684,ch4
574.7,ppb,-4163.0,-75.0025,0.0684,ch4
557.1,ppb,-4269.0,-75.0025,0.0684,ch4
592.0,ppb,-4419.0,-75.0025,0.0684,ch4
590.6,ppb,-4517.0,-75.0025,0.0684,ch4
584.7,ppb,-4682.0,-75.0025,0.0684,ch4
587.3,ppb,-4683.0,-75.0025,0.0684,ch4
566.8,ppb,-4754.0,-75.0025,0.0684,ch4
611.7,ppb,-4895.0,-75.0025,0.0684,ch4
588.3,ppb,-5002.0,-75.0025,0.0684,ch4
624.3,ppb,-5126.0,-75.0025,0.0684,ch4
635.0,ppb,-5221.0,-75.0025,0.0684,ch4
616.0,ppb,-5346.0,-75.0025,0.0684,ch4
610.5,ppb,-5441.0,-75.0025,0.0684,ch4
640.7,ppb,-5610.0,-75.0025,0.0684,ch4
624.7,ppb,-5611.0,-75.0025,0.0684,ch4
605.8,ppb,-5724.0,-75.0025,0.0684,ch4
607.0,ppb,-5832.0,-75.0025,0.0684,ch4
669.9,ppb,-5943.0,-75.0025,0.0684,ch4
610.3,ppb,-6111.000000000001,-75.0025,0.0684,ch4
622.6,ppb,-6213.0,-75.0025,0.0684,ch4
596.7,ppb,-6377.0,-75.0025,0.0684,ch4
628.9,ppb,-6485.0,-75.0025,0.0684,ch4
637.0,ppb,-6680.0,-75.0025,0.0684,ch4
639.0,ppb,-6681.0,-75.0025,0.0684,ch4
630.9,ppb,-6761.0,-75.0025,0.0684,ch4
650.3,ppb,-6937.0,-75.0025,0.0684,ch4
656.4,ppb,-7044.0,-75.0025,0.0684,ch4
655.0,ppb,-7209.0,-75.0025,0.0684,ch4
656.0,ppb,-7345.0,-75.0025,0.0684,ch4
655.0,ppb,-7485.0,-75.0025,0.0684,ch4
651.7,ppb,-7486.0,-75.0025,0.0684,ch4
659.9,ppb,-7594.0,-75.0025,0.0684,ch4
681.3,ppb,-7761.0,-75.0025,0.0684,ch4
677.5,ppb,-7867.0,-75.0025,0.0684,ch4
693.0,ppb,-8029.0,-75.0025,0.0684,ch4
702.7,ppb,-8029.0,-75.0025,0.0684,ch4
682.7,ppb,-8136.0,-75.0025,0.0684,ch4
693.0,ppb,-8303.0,-75.0025,0.0684,ch4
667.6,ppb,-8428.0,-75.0025,0.0684,ch4
694.3,ppb,-8578.0,-75.0025,0.0684,ch4
709.8,ppb,-8670.0,-75.0025,0.0684,ch4
691.3,ppb,-8682.0,-75.0025,0.0684,ch4
670.2,ppb,-8757.0,-75.0025,0.0684,ch4
697.0,ppb,-8834.0,-75.0025,0.0684,ch4
713.3,ppb,-8835.0,-75.0025,0.0684,ch4
691.1,ppb,-8837.0,-75.0025,0.0684,ch4
706.2,ppb,-8920.0,-75.0025,0.0684,ch4
670.7,ppb,-8930.0,-75.0025,0.0684,ch4
672.3,ppb,-9003.0,-75.0025,0.0684,ch4
681.0,ppb,-9060.0,-75.0025,0.0684,ch4
670.2,ppb,-9060.0,-75.0025,0.0684,ch4
716.8,ppb,-9181.0,-75.0025,0.0684,ch4
672.7,ppb,-9192.0,-75.0025,0.0684,ch4
688.2,ppb,-9244.0,-75.0025,0.0684,ch4
698.0,ppb,-9341.0,-75.0025,0.0684,ch4
710.7,ppb,-9344.0,-75.0025,0.0684,ch4
674.6,ppb,-9413.0,-75.0025,0.0684,ch4
661.2,ppb,-9422.0,-75.0025,0.0684,ch4
680.7,ppb,-9513.0,-75.0025,0.0684,ch4
714.7,ppb,-9562.0,-75.0025,0.0684,ch4
728.4,ppb,-9565.0,-75.0025,0.0684,ch4
590.3,ppb,-9652.0,-75.0025,0.0684,ch4
622.5,ppb,-9663.0,-75.0025,0.0684,ch4
502.3,ppb,-9713.0,-75.0025,0.0684,ch4
474.7,ppb,-9803.0,-75.0025,0.0684,ch4
483.9,ppb,-9806.0,-75.0025,0.0684,ch4
470.4,ppb,-9891.0,-75.0025,0.0684,ch4
473.1,ppb,-9900.0,-75.0025,0.0684,ch4
482.1,ppb,-9930.0,-75.0025,0.0684,ch4
477.7,ppb,-10027.0,-75.0025,0.0684,ch4
533.1,ppb,-10029.0,-75.0025,0.0684,ch4
488.5,ppb,-10083.0,-75.0025,0.0684,ch4
470.2,ppb,-10092.0,-75.0025,0.0684,ch4
468.4,ppb,-10159.0,-75.0025,0.0684,ch4
464.3,ppb,-10246.0,-75.0025,0.0684,ch4
476.2,ppb,-10248.0,-75.0025,0.0684,ch4
466.9,ppb,-10321.0,-75.0025,0.0684,ch4
499.5,ppb,-10331.0,-75.0025,0.0684,ch4
487.5,ppb,-10438.0,-75.0025,0.0684,ch4
474.0,ppb,-10511.0,-75.0025,0.0684,ch4
468.7,ppb,-10512.0,-75.0025,0.0684,ch4
482.7,ppb,-10513.0,-75.0025,0.0684,ch4
458.2,ppb,-10515.0,-75.0025,0.0684,ch4
474.3,ppb,-10620.0,-75.0025,0.0684,ch4
484.2,ppb,-10625.0,-75.0025,0.0684,ch4
581.8,ppb,-10782.0,-75.0025,0.0684,ch4
672.7,ppb,-10950.0,-75.0025,0.0684,ch4
674.2,ppb,-10966.0,-75.0025,0.0684,ch4
633.4,ppb,-11036.0,-75.0025,0.0684,ch4
632.1,ppb,-11095.0,-75.0025,0.0684,ch4
647.1,ppb,-11270.0,-75.0025,0.0684,ch4
645.0,ppb,-11361.0,-75.0025,0.0684,ch4
654.4,ppb,-11366.0,-75.0025,0.0684,ch4
659.5,ppb,-11485.0,-75.0025,0.0684,ch4
661.6,ppb,-11492.0,-75.0025,0.0684,ch4
641.4,ppb,-11615.0,-75.0025,0.0684,ch4
644.0,ppb,-11765.0,-75.0025,0.0684,ch4
626.9,ppb,-11770.0,-75.0025,0.0684,ch4
626.7,ppb,-11872.0,-75.0025,0.0684,ch4
648.0,ppb,-11882.0,-75.0025,0.0684,ch4
612.0,ppb,-12064.0,-75.0025,0.0684,ch4
622.7,ppb,-12268.0,-75.0025,0.0684,ch4
606.9,ppb,-12272.0,-75.0025,0.0684,ch4
602.9,ppb,-12363.0,-75.0025,0.0684,ch4
611.0,ppb,-12372.0,-75.0025,0.0684,ch4
601.3,ppb,-12424.0,-75.0025,0.0684,ch4
646.7,ppb,-12491.0,-75.0025,0.0684,ch4
601.5,ppb,-12497.0,-75.0025,0.0684,ch4
594.2,ppb,-12549.0,-75.0025,0.0684,ch4
609.8,ppb,-12556.0,-75.0025,0.0684,ch4
552.5,ppb,-12609.0,-75.0025,0.0684,ch4
521.0,ppb,-12710.0,-75.0025,0.0684,ch4
496.3,ppb,-12711.0,-75.0025,0.0684,ch4
484.9,ppb,-12718.0,-75.0025,0.0684,ch4
471.0,ppb,-12781.0,-75.0025,0.0684,ch4
468.5,ppb,-12793.0,-75.0025,0.0684,ch4
454.2,ppb,-12877.0,-75.0025,0.0684,ch4
487.3,ppb,-12981.0,-75.0025,0.0684,ch4
468.2,ppb,-13015.0,-75.0025,0.0684,ch4
460.1,ppb,-13128.0,-75.0025,0.0684,ch4
468.8,ppb,-13140.0,-75.0025,0.0684,ch4
475.8,ppb,-13222.0,-75.0025,0.0684,ch4
470.3,ppb,-13297.0,-75.0025,0.0684,ch4
465.2,ppb,-13302.0,-75.0025,0.0684,ch4
455.9,ppb,-13440.0,-75.0025,0.0684,ch4
466.6,ppb,-13455.0,-75.0025,0.0684,ch4
446.8,ppb,-13564.0,-75.0025,0.0684,ch4
440.7,ppb,-13684.0,-75.0025,0.0684,ch4
452.3,ppb,-13685.0,-75.0025,0.0684,ch4
446.7,ppb,-13846.0,-75.0025,0.0684,ch4
437.1,ppb,-13936.0,-75.0025,0.0684,ch4
455.0,ppb,-13984.0,-75.0025,0.0684,ch4
449.4,ppb,-14189.0,-75.0025,0.0684,ch4
435.3,ppb,-14267.0,-75.0025,0.0684,ch4
426.7,ppb,-14378.0,-75.0025,0.0684,ch4
439.0,ppb,-14379.0,-75.0025,0.0684,ch4
421.4,ppb,-14555.0,-75.0025,0.0684,ch4
408.3,ppb,-14628.0,-75.0025,0.0684,ch4
439.4,ppb,-14907.0,-75.0025,0.0684,ch4
398.5,ppb,-15024.0,-75.0025,0.0684,ch4
402.0,ppb,-15112.0,-75.0025,0.0684,ch4
418.3,ppb,-15261.0,-75.0025,0.0684,ch4
390.0,ppb,-15469.0,-75.0025,0.0684,ch4
389.9,ppb,-15695.0,-75.0025,0.0684,ch4
385.7,ppb,-15867.0,-75.0025,0.0684,ch4
378.6,ppb,-15979.0,-75.0025,0.0684,ch4
387.3,ppb,-16401.0,-75.0025,0.0684,ch4
376.8,ppb,-16763.0,-75.0025,0.0684,ch4
376.8,ppb,-16918.0,-75.0025,0.0684,ch4
370.9,ppb,-16934.0,-75.0025,0.0684,ch4
364.0,ppb,-17484.0,-75.0025,0.0684,ch4
375.8,ppb,-17596.0,-75.0025,0.0684,ch4
372.7,ppb,-17676.0,-75.0025,0.0684,ch4
365.5,ppb,-17895.0,-75.0025,0.0684,ch4
368.0,ppb,-18083.0,-75.0025,0.0684,ch4
374.0,ppb,-18189.0,-75.0025,0.0684,ch4
378.0,ppb,-18189.0,-75.0025,0.0684,ch4
369.8,ppb,-18328.0,-75.0025,0.0684,ch4
368.7,ppb,-18498.0,-75.0025,0.0684,ch4
366.3,ppb,-18627.0,-75.0025,0.0684,ch4
361.7,ppb,-18781.0,-75.0025,0.0684,ch4
359.1,ppb,-18887.0,-75.0025,0.0684,ch4
367.0,ppb,-19070.0,-75.0025,0.0684,ch4
383.1,ppb,-19213.0,-75.0025,0.0684,ch4
366.7,ppb,-19375.0,-75.0025,0.0684,ch4
375.7,ppb,-19472.0,-75.0025,0.0684,ch4
365.9,ppb,-19648.0,-75.0025,0.0684,ch4
357.4,ppb,-19742.0,-75.0025,0.0684,ch4
361.3,ppb,-19926.0,-75.0025,0.0684,ch4
361.8,ppb,-20175.0,-75.0025,0.0684,ch4
362.6,ppb,-20286.0,-75.0025,0.0684,ch4
381.7,ppb,-20458.0,-75.0025,0.0684,ch4
381.6,ppb,-20641.0,-75.0025,0.0684,ch4
393.9,ppb,-20752.0,-75.0025,0.0684,ch4
387.0,ppb,-20844.0,-75.0025,0.0684,ch4
438.5,ppb,-20993.0,-75.0025,0.0684,ch4
393.4,ppb,-21084.0,-75.0025,0.0684,ch4
391.0,ppb,-21178.0,-75.0025,0.0684,ch4
402.7,ppb,-21368.0,-75.0025,0.0684,ch4
382.7,ppb,-21666.0,-75.0025,0.0684,ch4
358.1,ppb,-21997.0,-75.0025,0.0684,ch4
365.5,ppb,-22143.0,-75.0025,0.0684,ch4
388.0,ppb,-22335.0,-75.0025,0.0684,ch4
348.7,ppb,-22646.0,-75.0025,0.0684,ch4
384.3,ppb,-22788.0,-75.0025,0.0684,ch4
379.7,ppb,-22990.0,-75.0025,0.0684,ch4
369.3,ppb,-23314.0,-75.0025,0.0684,ch4
369.3,ppb,-23687.0,-75.0025,0.0684,ch4
363.4,ppb,-23922.0,-75.0025,0.0684,ch4
362.3,ppb,-24355.0,-75.0025,0.0684,ch4
357.5,ppb,-24527.0,-75.0025,0.0684,ch4
362.2,ppb,-24747.0,-75.0025,0.0684,ch4
366.0,ppb,-24874.0,-75.0025,0.0684,ch4
375.5,ppb,-25189.0,-75.0025,0.0684,ch4
392.2,ppb,-25325.0,-75.0025,0.0684,ch4
388.3,ppb,-25476.0,-75.0025,0.0684,ch4
393.2,ppb,-25638.0,-75.0025,0.0684,ch4
429.1,ppb,-25768.0,-75.0025,0.0684,ch4
382.3,ppb,-26047.0,-75.0025,0.0684,ch4
362.5,ppb,-26272.0,-75.0025,0.0684,ch4
397.7,ppb,-26378.0,-75.0025,0.0684,ch4
416.0,ppb,-26566.0,-75.0025,0.0684,ch4
456.8,ppb,-26729.0,-75.0025,0.0684,ch4
387.7,ppb,-26964.0,-75.0025,0.0684,ch4
385.7,ppb,-27257.0,-75.0025,0.0684,ch4
387.9,ppb,-27710.0,-75.0025,0.0684,ch4
390.7,ppb,-27926.0,-75.0025,0.0684,ch4
387.7,ppb,-28158.0,-75.0025,0.0684,ch4
410.2,ppb,-28477.0,-75.0025,0.0684,ch4
388.4,ppb,-28665.0,-75.0025,0.0684,ch4
405.3,ppb,-28828.0,-75.0025,0.0684,ch4
393.8,ppb,-29040.0,-75.0025,0.0684,ch4
396.1,ppb,-29272.0,-75.0025,0.0684,ch4
404.0,ppb,-29433.0,-75.0025,0.0684,ch4
414.1,ppb,-29620.0,-75.0025,0.0684,ch4
424.1,ppb,-29885.0,-75.0025,0.0684,ch4
450.7,ppb,-30055.999999999996,-75.0025,0.0684,ch4
479.6,ppb,-30299.999999999996,-75.0025,0.0684,ch4
392.1,ppb,-30454.0,-75.0025,0.0684,ch4
432.7,ppb,-30826.0,-75.0025,0.0684,ch4
422.3,ppb,-31087.0,-75.0025,0.0684,ch4
433.6,ppb,-31297.0,-75.0025,0.0684,ch4
486.7,ppb,-31447.0,-75.0025,0.0684,ch4
484.0,ppb,-31552.0,-75.0025,0.0684,ch4
486.6,ppb,-31672.0,-75.0025,0.0684,ch4
425.7,ppb,-31846.0,-75.0025,0.0684,ch4
431.1,ppb,-32385.0,-75.0025,0.0684,ch4
446.4,ppb,-32662.0,-75.0025,0.0684,ch4
533.0,ppb,-32909.0,-75.0025,0.0684,ch4
524.9,ppb,-33089.0,-75.0025,0.0684,ch4
525.2,ppb,-33295.0,-75.0025,0.0684,ch4
433.7,ppb,-33552.0,-75.0025,0.0684,ch4
414.1,ppb,-33751.0,-75.0025,0.0684,ch4
407.6,ppb,-33938.0,-75.0025,0.0684,ch4
426.3,ppb,-34100.0,-75.0025,0.0684,ch4
444.4,ppb,-34417.0,-75.0025,0.0684,ch4
480.5,ppb,-34571.0,-75.0025,0.0684,ch4
505.3,ppb,-34664.0,-75.0025,0.0684,ch4
500.7,ppb,-34847.0,-75.0025,0.0684,ch4
561.4,ppb,-35000.0,-75.0025,0.0684,ch4
567.7,ppb,-35278.0,-75.0025,0.0684,ch4
552.1,ppb,-35558.0,-75.0025,0.0684,ch4
535.4,ppb,-35817.0,-75.0025,0.0684,ch4
541.3,ppb,-36081.0,-75.0025,0.0684,ch4
429.5,ppb,-36274.0,-75.0025,0.0684,ch4
441.7,ppb,-36434.0,-75.0025,0.0684,ch4
441.3,ppb,-36633.0,-75.0025,0.0684,ch4
441.2,ppb,-36771.0,-75.0025,0.0684,ch4
433.9,ppb,-36901.0,-75.0025,0.0684,ch4
441.3,ppb,-37093.0,-75.0025,0.0684,ch4
439.4,ppb,-37244.0,-75.0025,0.0684,ch4
401.4,ppb,-37405.0,-75.0025,0.0684,ch4
424.3,ppb,-37640.0,-75.0025,0.0684,ch4
425.4,ppb,-37874.0,-75.0025,0.0684,ch4
399.0,ppb,-38050.0,-75.0025,0.0684,ch4
414.3,ppb,-38355.0,-75.0025,0.0684,ch4
417.9,ppb,-38581.0,-75.0025,0.0684,ch4
428.3,ppb,-38740.0,-75.0025,0.0684,ch4
486.3,ppb,-39029.0,-75.0025,0.0684,ch4
470.1,ppb,-39229.0,-75.0025,0.0684,ch4
470.9,ppb,-39372.0,-75.0025,0.0684,ch4
405.7,ppb,-39671.0,-75.0025,0.0684,ch4
406.4,ppb,-39941.0,-75.0025,0.0684,ch4
440.6,ppb,-40229.0,-75.0025,0.0684,ch4
460.0,ppb,-40425.0,-75.0025,0.0684,ch4
475.4,ppb,-40644.0,-75.0025,0.0684,ch4
482.3,ppb,-40752.0,-75.0025,0.0684,ch4
484.3,ppb,-40944.0,-75.0025,0.0684,ch4
447.4,ppb,-41123.0,-75.0025,0.0684,ch4
464.7,ppb,-41266.0,-75.0025,0.0684,ch4
423.3,ppb,-41765.0,-75.0025,0.0684,ch4
412.7,ppb,-42079.0,-75.0025,0.0684,ch4
421.8,ppb,-42287.0,-75.0025,0.0684,ch4
482.0,ppb,-42632.0,-75.0025,0.0684,ch4
459.0,ppb,-43052.0,-75.0025,0.0684,ch4
467.2,ppb,-43345.0,-75.0025,0.0684,ch4
485.0,ppb,-43519.0,-75.0025,0.0684,ch4
482.4,ppb,-43876.0,-75.0025,0.0684,ch4
497.4,ppb,-44028.0,-75.0025,0.0684,ch4
510.0,ppb,-44557.0,-75.0025,0.0684,ch4
512.0,ppb,-44876.0,-75.0025,0.0684,ch4
497.5,ppb,-45012.0,-75.0025,0.0684,ch4
457.7,ppb,-45320.0,-75.0025,0.0684,ch4
443.7,ppb,-45572.0,-75.0025,0.0684,ch4
433.8,ppb,-45697.0,-75.0025,0.0684,ch4
444.7,ppb,-45950.0,-75.0025,0.0684,ch4
465.3,ppb,-46288.0,-75.0025,0.0684,ch4
448.2,ppb,-46411.0,-75.0025,0.0684,ch4
419.3,ppb,-46759.0,-75.0025,0.0684,ch4
451.7,ppb,-46964.0,-75.0025,0.0684,ch4
416.1,ppb,-47183.0,-75.0025,0.0684,ch4
453.0,ppb,-47322.0,-75.0025,0.0684,ch4
436.4,ppb,-47632.0,-75.0025,0.0684,ch4
461.0,ppb,-47818.0,-75.0025,0.0684,ch4
471.7,ppb,-47977.0,-75.0025,0.0684,ch4
494.7,ppb,-48400.0,-75.0025,0.0684,ch4
467.1,ppb,-48677.0,-75.0025,0.0684,ch4
483.7,ppb,-48863.0,-75.0025,0.0684,ch4
507.9,ppb,-49392.0,-75.0025,0.0684,ch4
