year,value,unit,latitude,longitude,gas
1947.8,1237.2,ppb,77.45,-51.06,ch4
1942.9,1175.45,ppb,77.45,-51.06,ch4
1938.6,1150.3,ppb,77.45,-51.06,ch4
1933.0,1125.6,ppb,77.45,-51.06,ch4
1927.9,1112.6,ppb,77.45,-51.06,ch4
1922.8,1082.0,ppb,77.45,-51.06,ch4
1918.2,1062.0,ppb,77.45,-51.06,ch4
1912.9,1042.8,ppb,77.45,-51.06,ch4
1907.7,1009.4,ppb,77.45,-51.06,ch4
1902.8,982.3,ppb,77.45,-51.06,ch4
1897.8,967.05,ppb,77.45,-51.06,ch4
1892.8,945.1,ppb,77.45,-51.06,ch4
1883.9,910.0,ppb,77.45,-51.06,ch4
1879.4,897.5,ppb,77.45,-51.06,ch4
1873.9,890.0,ppb,77.45,-51.06,ch4
1839.3,835.1,ppb,77.45,-51.06,ch4
1832.7,829.2,ppb,77.45,-51.06,ch4
1827.6,824.8,ppb,77.45,-51.06,ch4
1822.9,819.4,ppb,77.45,-51.06,ch4
1817.7,810.1,ppb,77.45,-51.06,ch4
1812.8,801.4,ppb,77.45,-51.06,ch4
1807.7,794.5,ppb,77.45,-51.06,ch4
1802.7,789.1,ppb,77.45,-51.06,ch4
1797.9,786.5,ppb,77.45,-51.06,ch4
1792.9,782.5,ppb,77.45,-51.06,ch4
1787.7,782.55,ppb,77.45,-51.06,ch4
1782.6,783.3,ppb,77.45,-51.06,ch4
1777.5,776.6,ppb,77.45,-51.06,ch4
1772.9,776.0,ppb,77.45,-51.06,ch4
1766.8,769.75,ppb,77.45,-51.06,ch4
1761.9,767.1,ppb,77.45,-51.06,ch4
1757.2,760.1,ppb,77.45,-51.06,ch4
1752.0,761.9,ppb,77.45,-51.06,ch4
1747.1,753.5,ppb,77.45,-51.06,ch4
1739.8,756.25,ppb,77.45,-51.06,ch4
1735.3,747.3,ppb,77.45,-51.06,ch4
1730.3,744.4,ppb,77.45,-51.06,ch4
1725.3,741.9,ppb,77.45,-51.06,ch4
1720.1,739.6,ppb,77.45,-51.06,ch4
1714.9,737.5,ppb,77.45,-51.06,ch4
1710.1,733.6,ppb,77.45,-51.06,ch4
1705.1,730.1,ppb,77.45,-51.06,ch4
1667.4,742.0,ppb,77.45,-51.06,ch4
1661.4,741.2,ppb,77.45,-51.06,ch4
1658.2,740.2,ppb,77.45,-51.06,ch4
1653.3,736.4,ppb,77.45,-51.06,ch4
1648.2,731.7,ppb,77.45,-51.06,ch4
1642.8,739.3,ppb,77.45,-51.06,ch4
1638.6,735.0,ppb,77.45,-51.06,ch4
1633.4,735.7,ppb,77.45,-51.06,ch4
1628.1,736.6,ppb,77.45,-51.06,ch4
1623.2,739.2,ppb,77.45,-51.06,ch4
1601.5,736.05,ppb,77.45,-51.06,ch4
1597.4,729.2,ppb,77.45,-51.06,ch4
1592.2,729.1,ppb,77.45,-51.06,ch4
1587.1,730.3,ppb,77.45,-51.06,ch4
1581.9,729.6,ppb,77.45,-51.06,ch4
1577.0,729.8,ppb,77.45,-51.06,ch4
1572.2,733.7,ppb,77.45,-51.06,ch4
1566.9,737.9,ppb,77.45,-51.06,ch4
1562.2,744.8,ppb,77.45,-51.06,ch4
1557.2,759.9,ppb,77.45,-51.06,ch4
1552.1,762.2,ppb,77.45,-51.06,ch4
1547.1,768.25,ppb,77.45,-51.06,ch4
1543.1,767.9,ppb,77.45,-51.06,ch4
1537.1,772.2,ppb,77.45,-51.06,ch4
1532.0,769.6,ppb,77.45,-51.06,ch4
1527.0,763.9,ppb,77.45,-51.06,ch4
1521.9,762.8,ppb,77.45,-51.06,ch4
1516.9,760.8,ppb,77.45,-51.06,ch4
1512.2,759.6,ppb,77.45,-51.06,ch4
1505.0,753.4,ppb,77.45,-51.06,ch4
1500.6,748.35,ppb,77.45,-51.06,ch4
1494.4,752.5,ppb,77.45,-51.06,ch4
1490.2,739.45,ppb,77.45,-51.06,ch4
1485.3,739.6,ppb,77.45,-51.06,ch4
1479.6,735.5,ppb,77.45,-51.06,ch4
1475.3,729.0,ppb,77.45,-51.06,ch4
1466.5,727.15,ppb,77.45,-51.06,ch4
1463.7,727.2,ppb,77.45,-51.06,ch4
1458.9,727.7,ppb,77.45,-51.06,ch4
1454.1,726.7,ppb,77.45,-51.06,ch4
1448.9,725.6,ppb,77.45,-51.06,ch4
1443.9,727.7,ppb,77.45,-51.06,ch4
1437.6,725.2,ppb,77.45,-51.06,ch4
1434.0,720.8,ppb,77.45,-51.06,ch4
1428.3,728.9,ppb,77.45,-51.06,ch4
1423.2,725.1,ppb,77.45,-51.06,ch4
1418.2,723.3,ppb,77.45,-51.06,ch4
1413.2,719.4,ppb,77.45,-51.06,ch4
1407.2,721.3,ppb,77.45,-51.06,ch4
1401.0,726.1,ppb,77.45,-51.06,ch4
1394.8,730.2,ppb,77.45,-51.06,ch4
1390.3,730.4,ppb,77.45,-51.06,ch4
1385.3,732.2,ppb,77.45,-51.06,ch4
1380.2,734.7,ppb,77.45,-51.06,ch4
1375.1,733.5,ppb,77.45,-51.06,ch4
1370.3,733.5,ppb,77.45,-51.06,ch4
1361.9,730.15,ppb,77.45,-51.06,ch4
1357.0,724.0,ppb,77.45,-51.06,ch4
1351.4,728.9,ppb,77.45,-51.06,ch4
1347.0,729.2,ppb,77.45,-51.06,ch4
1342.0,724.1,ppb,77.45,-51.06,ch4
1336.6,726.9,ppb,77.45,-51.06,ch4
1332.5,728.9,ppb,77.45,-51.06,ch4
1327.0,730.3,ppb,77.45,-51.06,ch4
1322.0,736.0,ppb,77.45,-51.06,ch4
1315.4,741.8,ppb,77.45,-51.06,ch4
1311.2,741.3,ppb,77.45,-51.06,ch4
1304.2,736.6,ppb,77.45,-51.06,ch4
1299.8,735.3,ppb,77.45,-51.06,ch4
1294.5,731.5,ppb,77.45,-51.06,ch4
1289.4,730.4,ppb,77.45,-51.06,ch4
1284.8,726.0,ppb,77.45,-51.06,ch4
1274.9,734.6,ppb,77.45,-51.06,ch4
1270.7,729.2,ppb,77.45,-51.06,ch4
1265.3,727.3,ppb,77.45,-51.06,ch4
1260.5,727.0,ppb,77.45,-51.06,ch4
1255.5,725.2,ppb,77.45,-51.06,ch4
1250.3,725.3,ppb,77.45,-51.06,ch4
1245.4,726.7,ppb,77.45,-51.06,ch4
1240.5,723.4,ppb,77.45,-51.06,ch4
1209.5,739.3,ppb,77.45,-51.06,ch4
1205.0,735.1,ppb,77.45,-51.06,ch4
1197.5,741.0,ppb,77.45,-51.06,ch4
1194.1,738.8,ppb,77.45,-51.06,ch4
1189.1,743.3,ppb,77.45,-51.06,ch4
1183.9,743.8,ppb,77.45,-51.06,ch4
1179.1,742.4,ppb,77.45,-51.06,ch4
1173.0,741.5,ppb,77.45,-51.06,ch4
1168.8,749.9,ppb,77.45,-51.06,ch4
1163.7,747.45,ppb,77.45,-51.06,ch4
1158.2,749.4,ppb,77.45,-51.06,ch4
1153.7,748.4,ppb,77.45,-51.06,ch4
1148.7,744.55,ppb,77.45,-51.06,ch4
1143.7,743.6,ppb,77.45,-51.06,ch4
1138.6,739.6,ppb,77.45,-51.06,ch4
1133.4,736.35,ppb,77.45,-51.06,ch4
1012.6,725.5,ppb,77.45,-51.06,ch4
1009.0,725.9,ppb,77.45,-51.06,ch4
1004.5,721.75,ppb,77.45,-51.06,ch4
999.2,713.95,ppb,77.45,-51.06,ch4
994.5,716.3,ppb,77.45,-51.06,ch4
989.2,714.5,ppb,77.45,-51.06,ch4
984.5,717.6,ppb,77.45,-51.06,ch4
979.0,710.7,ppb,77.45,-51.06,ch4
973.9,713.2,ppb,77.45,-51.06,ch4
963.1,708.45,ppb,77.45,-51.06,ch4
960.0,709.1,ppb,77.45,-51.06,ch4
954.8,706.4,ppb,77.45,-51.06,ch4
950.1,704.9,ppb,77.45,-51.06,ch4
944.7,700.5,ppb,77.45,-51.06,ch4
928.8,697.1,ppb,77.45,-51.06,ch4
924.9,699.2,ppb,77.45,-51.06,ch4
919.9,703.5,ppb,77.45,-51.06,ch4
915.4,715.3,ppb,77.45,-51.06,ch4
909.5,702.8,ppb,77.45,-51.06,ch4
901.5,710.75,ppb,77.45,-51.06,ch4
898.6,693.8,ppb,77.45,-51.06,ch4
893.5,693.0,ppb,77.45,-51.06,ch4
886.1,696.95,ppb,77.45,-51.06,ch4
882.4,697.3,ppb,77.45,-51.06,ch4
877.6,701.5,ppb,77.45,-51.06,ch4
872.5,700.0,ppb,77.45,-51.06,ch4
867.8,698.9,ppb,77.45,-51.06,ch4
862.4,697.7,ppb,77.45,-51.06,ch4
857.4,693.9,ppb,77.45,-51.06,ch4
852.6,685.3,ppb,77.45,-51.06,ch4
847.3,686.0,ppb,77.45,-51.06,ch4
838.5,690.2,ppb,77.45,-51.06,ch4
834.1,696.7,ppb,77.45,-51.06,ch4
829.1,689.2,ppb,77.45,-51.06,ch4
819.1,689.2,ppb,77.45,-51.06,ch4
814.4,689.6,ppb,77.45,-51.06,ch4
809.4,684.5,ppb,77.45,-51.06,ch4
804.3,672.5,ppb,77.45,-51.06,ch4
799.2,674.8,ppb,77.45,-51.06,ch4
794.5,674.5,ppb,77.45,-51.06,ch4
789.6,673.1,ppb,77.45,-51.06,ch4
783.1,673.6,ppb,77.45,-51.06,ch4
778.6,675.0,ppb,77.45,-51.06,ch4
773.7,680.6,ppb,77.45,-51.06,ch4
768.5,684.1,ppb,77.45,-51.06,ch4
763.6,679.9,ppb,77.45,-51.06,ch4
758.3,687.85,ppb,77.45,-51.06,ch4
749.1,700.1,ppb,77.45,-51.06,ch4
722.0,708.7,ppb,77.45,-51.06,ch4
718.7,691.7,ppb,77.45,-51.06,ch4
713.4,688.85,ppb,77.45,-51.06,ch4
706.4,694.4,ppb,77.45,-51.06,ch4
700.0,695.1,ppb,77.45,-51.06,ch4
692.7,689.7,ppb,77.45,-51.06,ch4
689.3,683.3,ppb,77.45,-51.06,ch4
684.3,683.05,ppb,77.45,-51.06,ch4
678.5,679.2,ppb,77.45,-51.06,ch4
673.8,683.45,ppb,77.45,-51.06,ch4
666.5,686.35,ppb,77.45,-51.06,ch4
663.6,687.2,ppb,77.45,-51.06,ch4
657.0,691.3,ppb,77.45,-51.06,ch4
650.5,686.7,ppb,77.45,-51.06,ch4
645.5,683.8,ppb,77.45,-51.06,ch4
635.7,679.65,ppb,77.45,-51.06,ch4
632.7,679.4,ppb,77.45,-51.06,ch4
628.1,680.7,ppb,77.45,-51.06,ch4
622.3,683.0,ppb,77.45,-51.06,ch4
615.6,684.2,ppb,77.45,-51.06,ch4
608.9,684.1,ppb,77.45,-51.06,ch4
603.5,685.9,ppb,77.45,-51.06,ch4
599.3,691.8,ppb,77.45,-51.06,ch4
594.3,695.0,ppb,77.45,-51.06,ch4
586.8,691.5,ppb,77.45,-51.06,ch4
581.3,691.2,ppb,77.45,-51.06,ch4
577.1,698.05,ppb,77.45,-51.06,ch4
572.0,698.35,ppb,77.45,-51.06,ch4
564.9,693.3,ppb,77.45,-51.06,ch4
561.2,683.5,ppb,77.45,-51.06,ch4
556.3,683.4,ppb,77.45,-51.06,ch4
551.0,682.85,ppb,77.45,-51.06,ch4
546.2,678.75,ppb,77.45,-51.06,ch4
540.9,676.95,ppb,77.45,-51.06,ch4
532.7,675.45,ppb,77.45,-51.06,ch4
528.8,669.1,ppb,77.45,-51.06,ch4
468.9,678.4,ppb,77.45,-51.06,ch4
463.8,679.2,ppb,77.45,-51.06,ch4
460.0,680.8,ppb,77.45,-51.06,ch4
455.0,681.6,ppb,77.45,-51.06,ch4
450.3,688.3,ppb,77.45,-51.06,ch4
445.0,691.9,ppb,77.45,-51.06,ch4
439.6,689.2,ppb,77.45,-51.06,ch4
433.4,687.8,ppb,77.45,-51.06,ch4
428.5,681.4,ppb,77.45,-51.06,ch4
422.3,677.8,ppb,77.45,-51.06,ch4
418.6,682.4,ppb,77.45,-51.06,ch4
413.5,681.2,ppb,77.45,-51.06,ch4
405.3,671.5,ppb,77.45,-51.06,ch4
401.2,674.7,ppb,77.45,-51.06,ch4
393.0,676.1,ppb,77.45,-51.06,ch4
390.3,676.6,ppb,77.45,-51.06,ch4
384.9,680.55,ppb,77.45,-51.06,ch4
380.4,682.7,ppb,77.45,-51.06,ch4
375.4,679.45,ppb,77.45,-51.06,ch4
370.2,687.9,ppb,77.45,-51.06,ch4
364.7,689.2,ppb,77.45,-51.06,ch4
352.1,693.3,ppb,77.45,-51.06,ch4
347.9,696.9,ppb,77.45,-51.06,ch4
343.3,694.5,ppb,77.45,-51.06,ch4
337.9,693.7,ppb,77.45,-51.06,ch4
332.9,693.4,ppb,77.45,-51.06,ch4
327.8,693.6,ppb,77.45,-51.06,ch4
322.7,694.9,ppb,77.45,-51.06,ch4
318.0,689.5,ppb,77.45,-51.06,ch4
312.9,690.9,ppb,77.45,-51.06,ch4
305.3,699.3,ppb,77.45,-51.06,ch4
302.3,694.9,ppb,77.45,-51.06,ch4
297.1,705.1,ppb,77.45,-51.06,ch4
291.9,702.6,ppb,77.45,-51.06,ch4
287.0,712.3,ppb,77.45,-51.06,ch4
